Content,Type,Feature
Graph 1 (LifeStyle&Hobbies),Graph 2 (LifeStyle&Hobbies),-5
Graph 1 (LifeStyle&Hobbies),Graph 3 (LifeStyle&Hobbies),-9
Graph 1 (LifeStyle&Hobbies),Graph 4 (LifeStyle&Hobbies),-4
Graph 1 (LifeStyle&Hobbies),Graph 5 (LifeStyle&Hobbies),-2
Graph 1 (LifeStyle&Hobbies),Graph 6 (LifeStyle&Hobbies),-4
Graph 1 (LifeStyle&Hobbies),Graph 7 (LifeStyle&Hobbies),-6
Graph 1 (LifeStyle&Hobbies),Graph 8 (LifeStyle&Hobbies),-14
Graph 1 (LifeStyle&Hobbies),Graph 9 (LifeStyle&Hobbies),-3
Graph 1 (LifeStyle&Hobbies),Graph 10 (LifeStyle&Hobbies),-5
Graph 1 (LifeStyle&Hobbies),Graph 11 (LifeStyle&Hobbies),-5
Graph 1 (LifeStyle&Hobbies),Graph 12 (LifeStyle&Hobbies),-1
Graph 1 (LifeStyle&Hobbies),Graph 13 (LifeStyle&Hobbies),-1
Graph 1 (LifeStyle&Hobbies),Graph 14 (LifeStyle&Hobbies),-2
Graph 1 (LifeStyle&Hobbies),Graph 15 (LifeStyle&Hobbies),0
Graph 1 (LifeStyle&Hobbies),Graph 16 (Marketing&Sales),-2
Graph 1 (LifeStyle&Hobbies),Graph 17 (Marketing&Sales),0
Graph 1 (LifeStyle&Hobbies),Graph 18 (Marketing&Sales),-2
Graph 1 (LifeStyle&Hobbies),Graph 19 (Marketing&Sales),-3
Graph 1 (LifeStyle&Hobbies),Graph 20 (Marketing&Sales),0
Graph 1 (LifeStyle&Hobbies),Graph 21 (Marketing&Sales),-1
Graph 1 (LifeStyle&Hobbies),Graph 22 (Marketing&Sales),0
Graph 1 (LifeStyle&Hobbies),Graph 23 (Marketing&Sales),0
Graph 1 (LifeStyle&Hobbies),Graph 24 (Marketing&Sales),0
Graph 1 (LifeStyle&Hobbies),Graph 25 (Marketing&Sales),-1
Graph 1 (LifeStyle&Hobbies),Graph 26 (Marketing&Sales),-3
Graph 1 (LifeStyle&Hobbies),Graph 27 (Marketing&Sales),-1
Graph 1 (LifeStyle&Hobbies),Graph 28 (Marketing&Sales),0
Graph 1 (LifeStyle&Hobbies),Graph 29 (Marketing&Sales),0
Graph 1 (LifeStyle&Hobbies),Graph 30 (Marketing&Sales),0
Graph 1 (LifeStyle&Hobbies),Graph 31 (Science&Education),-1
Graph 1 (LifeStyle&Hobbies),Graph 32 (Science&Education),-3
Graph 1 (LifeStyle&Hobbies),Graph 33 (Science&Education),-1
Graph 1 (LifeStyle&Hobbies),Graph 34 (Science&Education),-1
Graph 1 (LifeStyle&Hobbies),Graph 35 (Science&Education),-4
Graph 1 (LifeStyle&Hobbies),Graph 36 (Science&Education),0
Graph 1 (LifeStyle&Hobbies),Graph 37 (Science&Education),0
Graph 1 (LifeStyle&Hobbies),Graph 38 (Science&Education),0
Graph 1 (LifeStyle&Hobbies),Graph 39 (Science&Education),0
Graph 1 (LifeStyle&Hobbies),Graph 40 (Science&Education),0
Graph 1 (LifeStyle&Hobbies),Graph 41 (Science&Education),0
Graph 1 (LifeStyle&Hobbies),Graph 42 (Science&Education),-4
Graph 1 (LifeStyle&Hobbies),Graph 43 (Science&Education),0
Graph 1 (LifeStyle&Hobbies),Graph 44 (Science&Education),0
Graph 1 (LifeStyle&Hobbies),Graph 45 (Science&Education),0
Graph 2 (LifeStyle&Hobbies),Graph 3 (LifeStyle&Hobbies),-9
Graph 2 (LifeStyle&Hobbies),Graph 4 (LifeStyle&Hobbies),-1
Graph 2 (LifeStyle&Hobbies),Graph 5 (LifeStyle&Hobbies),-1
Graph 2 (LifeStyle&Hobbies),Graph 6 (LifeStyle&Hobbies),-7
Graph 2 (LifeStyle&Hobbies),Graph 7 (LifeStyle&Hobbies),-8
Graph 2 (LifeStyle&Hobbies),Graph 8 (LifeStyle&Hobbies),-8
Graph 2 (LifeStyle&Hobbies),Graph 9 (LifeStyle&Hobbies),-2
Graph 2 (LifeStyle&Hobbies),Graph 10 (LifeStyle&Hobbies),-3
Graph 2 (LifeStyle&Hobbies),Graph 11 (LifeStyle&Hobbies),-2
Graph 2 (LifeStyle&Hobbies),Graph 12 (LifeStyle&Hobbies),-4
Graph 2 (LifeStyle&Hobbies),Graph 13 (LifeStyle&Hobbies),0
Graph 2 (LifeStyle&Hobbies),Graph 14 (LifeStyle&Hobbies),0
Graph 2 (LifeStyle&Hobbies),Graph 15 (LifeStyle&Hobbies),0
Graph 2 (LifeStyle&Hobbies),Graph 16 (Marketing&Sales),-1
Graph 2 (LifeStyle&Hobbies),Graph 17 (Marketing&Sales),0
Graph 2 (LifeStyle&Hobbies),Graph 18 (Marketing&Sales),-1
Graph 2 (LifeStyle&Hobbies),Graph 19 (Marketing&Sales),-2
Graph 2 (LifeStyle&Hobbies),Graph 20 (Marketing&Sales),-2
Graph 2 (LifeStyle&Hobbies),Graph 21 (Marketing&Sales),0
Graph 2 (LifeStyle&Hobbies),Graph 22 (Marketing&Sales),0
Graph 2 (LifeStyle&Hobbies),Graph 23 (Marketing&Sales),0
Graph 2 (LifeStyle&Hobbies),Graph 24 (Marketing&Sales),0
Graph 2 (LifeStyle&Hobbies),Graph 25 (Marketing&Sales),0
Graph 2 (LifeStyle&Hobbies),Graph 26 (Marketing&Sales),-1
Graph 2 (LifeStyle&Hobbies),Graph 27 (Marketing&Sales),0
Graph 2 (LifeStyle&Hobbies),Graph 28 (Marketing&Sales),0
Graph 2 (LifeStyle&Hobbies),Graph 29 (Marketing&Sales),0
Graph 2 (LifeStyle&Hobbies),Graph 30 (Marketing&Sales),0
Graph 2 (LifeStyle&Hobbies),Graph 31 (Science&Education),-2
Graph 2 (LifeStyle&Hobbies),Graph 32 (Science&Education),0
Graph 2 (LifeStyle&Hobbies),Graph 33 (Science&Education),-1
Graph 2 (LifeStyle&Hobbies),Graph 34 (Science&Education),0
Graph 2 (LifeStyle&Hobbies),Graph 35 (Science&Education),-1
Graph 2 (LifeStyle&Hobbies),Graph 36 (Science&Education),0
Graph 2 (LifeStyle&Hobbies),Graph 37 (Science&Education),0
Graph 2 (LifeStyle&Hobbies),Graph 38 (Science&Education),0
Graph 2 (LifeStyle&Hobbies),Graph 39 (Science&Education),0
Graph 2 (LifeStyle&Hobbies),Graph 40 (Science&Education),-1
Graph 2 (LifeStyle&Hobbies),Graph 41 (Science&Education),0
Graph 2 (LifeStyle&Hobbies),Graph 42 (Science&Education),-3
Graph 2 (LifeStyle&Hobbies),Graph 43 (Science&Education),0
Graph 2 (LifeStyle&Hobbies),Graph 44 (Science&Education),-1
Graph 2 (LifeStyle&Hobbies),Graph 45 (Science&Education),0
Graph 3 (LifeStyle&Hobbies),Graph 4 (LifeStyle&Hobbies),-6
Graph 3 (LifeStyle&Hobbies),Graph 5 (LifeStyle&Hobbies),-1
Graph 3 (LifeStyle&Hobbies),Graph 6 (LifeStyle&Hobbies),-12
Graph 3 (LifeStyle&Hobbies),Graph 7 (LifeStyle&Hobbies),-14
Graph 3 (LifeStyle&Hobbies),Graph 8 (LifeStyle&Hobbies),-15
Graph 3 (LifeStyle&Hobbies),Graph 9 (LifeStyle&Hobbies),-4
Graph 3 (LifeStyle&Hobbies),Graph 10 (LifeStyle&Hobbies),-5
Graph 3 (LifeStyle&Hobbies),Graph 11 (LifeStyle&Hobbies),-3
Graph 3 (LifeStyle&Hobbies),Graph 12 (LifeStyle&Hobbies),-9
Graph 3 (LifeStyle&Hobbies),Graph 13 (LifeStyle&Hobbies),-2
Graph 3 (LifeStyle&Hobbies),Graph 14 (LifeStyle&Hobbies),-2
Graph 3 (LifeStyle&Hobbies),Graph 15 (LifeStyle&Hobbies),0
Graph 3 (LifeStyle&Hobbies),Graph 16 (Marketing&Sales),-2
Graph 3 (LifeStyle&Hobbies),Graph 17 (Marketing&Sales),-2
Graph 3 (LifeStyle&Hobbies),Graph 18 (Marketing&Sales),-2
Graph 3 (LifeStyle&Hobbies),Graph 19 (Marketing&Sales),-6
Graph 3 (LifeStyle&Hobbies),Graph 20 (Marketing&Sales),-1
Graph 3 (LifeStyle&Hobbies),Graph 21 (Marketing&Sales),-1
Graph 3 (LifeStyle&Hobbies),Graph 22 (Marketing&Sales),0
Graph 3 (LifeStyle&Hobbies),Graph 23 (Marketing&Sales),0
Graph 3 (LifeStyle&Hobbies),Graph 24 (Marketing&Sales),0
Graph 3 (LifeStyle&Hobbies),Graph 25 (Marketing&Sales),-3
Graph 3 (LifeStyle&Hobbies),Graph 26 (Marketing&Sales),-1
Graph 3 (LifeStyle&Hobbies),Graph 27 (Marketing&Sales),-1
Graph 3 (LifeStyle&Hobbies),Graph 28 (Marketing&Sales),0
Graph 3 (LifeStyle&Hobbies),Graph 29 (Marketing&Sales),0
Graph 3 (LifeStyle&Hobbies),Graph 30 (Marketing&Sales),0
Graph 3 (LifeStyle&Hobbies),Graph 31 (Science&Education),0
Graph 3 (LifeStyle&Hobbies),Graph 32 (Science&Education),-2
Graph 3 (LifeStyle&Hobbies),Graph 33 (Science&Education),-1
Graph 3 (LifeStyle&Hobbies),Graph 34 (Science&Education),-1
Graph 3 (LifeStyle&Hobbies),Graph 35 (Science&Education),-3
Graph 3 (LifeStyle&Hobbies),Graph 36 (Science&Education),0
Graph 3 (LifeStyle&Hobbies),Graph 37 (Science&Education),0
Graph 3 (LifeStyle&Hobbies),Graph 38 (Science&Education),0
Graph 3 (LifeStyle&Hobbies),Graph 39 (Science&Education),0
Graph 3 (LifeStyle&Hobbies),Graph 40 (Science&Education),0
Graph 3 (LifeStyle&Hobbies),Graph 41 (Science&Education),-1
Graph 3 (LifeStyle&Hobbies),Graph 42 (Science&Education),-6
Graph 3 (LifeStyle&Hobbies),Graph 43 (Science&Education),0
Graph 3 (LifeStyle&Hobbies),Graph 44 (Science&Education),0
Graph 3 (LifeStyle&Hobbies),Graph 45 (Science&Education),0
Graph 4 (LifeStyle&Hobbies),Graph 5 (LifeStyle&Hobbies),-1
Graph 4 (LifeStyle&Hobbies),Graph 6 (LifeStyle&Hobbies),-4
Graph 4 (LifeStyle&Hobbies),Graph 7 (LifeStyle&Hobbies),-1
Graph 4 (LifeStyle&Hobbies),Graph 8 (LifeStyle&Hobbies),-8
Graph 4 (LifeStyle&Hobbies),Graph 9 (LifeStyle&Hobbies),-1
Graph 4 (LifeStyle&Hobbies),Graph 10 (LifeStyle&Hobbies),-4
Graph 4 (LifeStyle&Hobbies),Graph 11 (LifeStyle&Hobbies),-1
Graph 4 (LifeStyle&Hobbies),Graph 12 (LifeStyle&Hobbies),0
Graph 4 (LifeStyle&Hobbies),Graph 13 (LifeStyle&Hobbies),0
Graph 4 (LifeStyle&Hobbies),Graph 14 (LifeStyle&Hobbies),-2
Graph 4 (LifeStyle&Hobbies),Graph 15 (LifeStyle&Hobbies),0
Graph 4 (LifeStyle&Hobbies),Graph 16 (Marketing&Sales),-2
Graph 4 (LifeStyle&Hobbies),Graph 17 (Marketing&Sales),0
Graph 4 (LifeStyle&Hobbies),Graph 18 (Marketing&Sales),-1
Graph 4 (LifeStyle&Hobbies),Graph 19 (Marketing&Sales),-3
Graph 4 (LifeStyle&Hobbies),Graph 20 (Marketing&Sales),-1
Graph 4 (LifeStyle&Hobbies),Graph 21 (Marketing&Sales),0
Graph 4 (LifeStyle&Hobbies),Graph 22 (Marketing&Sales),0
Graph 4 (LifeStyle&Hobbies),Graph 23 (Marketing&Sales),0
Graph 4 (LifeStyle&Hobbies),Graph 24 (Marketing&Sales),-1
Graph 4 (LifeStyle&Hobbies),Graph 25 (Marketing&Sales),-2
Graph 4 (LifeStyle&Hobbies),Graph 26 (Marketing&Sales),-1
Graph 4 (LifeStyle&Hobbies),Graph 27 (Marketing&Sales),-1
Graph 4 (LifeStyle&Hobbies),Graph 28 (Marketing&Sales),-1
Graph 4 (LifeStyle&Hobbies),Graph 29 (Marketing&Sales),0
Graph 4 (LifeStyle&Hobbies),Graph 30 (Marketing&Sales),0
Graph 4 (LifeStyle&Hobbies),Graph 31 (Science&Education),0
Graph 4 (LifeStyle&Hobbies),Graph 32 (Science&Education),-1
Graph 4 (LifeStyle&Hobbies),Graph 33 (Science&Education),-1
Graph 4 (LifeStyle&Hobbies),Graph 34 (Science&Education),0
Graph 4 (LifeStyle&Hobbies),Graph 35 (Science&Education),-1
Graph 4 (LifeStyle&Hobbies),Graph 36 (Science&Education),0
Graph 4 (LifeStyle&Hobbies),Graph 37 (Science&Education),0
Graph 4 (LifeStyle&Hobbies),Graph 38 (Science&Education),0
Graph 4 (LifeStyle&Hobbies),Graph 39 (Science&Education),-1
Graph 4 (LifeStyle&Hobbies),Graph 40 (Science&Education),0
Graph 4 (LifeStyle&Hobbies),Graph 41 (Science&Education),0
Graph 4 (LifeStyle&Hobbies),Graph 42 (Science&Education),-2
Graph 4 (LifeStyle&Hobbies),Graph 43 (Science&Education),0
Graph 4 (LifeStyle&Hobbies),Graph 44 (Science&Education),0
Graph 4 (LifeStyle&Hobbies),Graph 45 (Science&Education),-1
Graph 5 (LifeStyle&Hobbies),Graph 6 (LifeStyle&Hobbies),-1
Graph 5 (LifeStyle&Hobbies),Graph 7 (LifeStyle&Hobbies),-1
Graph 5 (LifeStyle&Hobbies),Graph 8 (LifeStyle&Hobbies),-1
Graph 5 (LifeStyle&Hobbies),Graph 9 (LifeStyle&Hobbies),-4
Graph 5 (LifeStyle&Hobbies),Graph 10 (LifeStyle&Hobbies),-1
Graph 5 (LifeStyle&Hobbies),Graph 11 (LifeStyle&Hobbies),0
Graph 5 (LifeStyle&Hobbies),Graph 12 (LifeStyle&Hobbies),0
Graph 5 (LifeStyle&Hobbies),Graph 13 (LifeStyle&Hobbies),0
Graph 5 (LifeStyle&Hobbies),Graph 14 (LifeStyle&Hobbies),0
Graph 5 (LifeStyle&Hobbies),Graph 15 (LifeStyle&Hobbies),0
Graph 5 (LifeStyle&Hobbies),Graph 16 (Marketing&Sales),-2
Graph 5 (LifeStyle&Hobbies),Graph 17 (Marketing&Sales),-1
Graph 5 (LifeStyle&Hobbies),Graph 18 (Marketing&Sales),0
Graph 5 (LifeStyle&Hobbies),Graph 19 (Marketing&Sales),0
Graph 5 (LifeStyle&Hobbies),Graph 20 (Marketing&Sales),-2
Graph 5 (LifeStyle&Hobbies),Graph 21 (Marketing&Sales),-1
Graph 5 (LifeStyle&Hobbies),Graph 22 (Marketing&Sales),0
Graph 5 (LifeStyle&Hobbies),Graph 23 (Marketing&Sales),-3
Graph 5 (LifeStyle&Hobbies),Graph 24 (Marketing&Sales),0
Graph 5 (LifeStyle&Hobbies),Graph 25 (Marketing&Sales),-1
Graph 5 (LifeStyle&Hobbies),Graph 26 (Marketing&Sales),-3
Graph 5 (LifeStyle&Hobbies),Graph 27 (Marketing&Sales),0
Graph 5 (LifeStyle&Hobbies),Graph 28 (Marketing&Sales),0
Graph 5 (LifeStyle&Hobbies),Graph 29 (Marketing&Sales),0
Graph 5 (LifeStyle&Hobbies),Graph 30 (Marketing&Sales),0
Graph 5 (LifeStyle&Hobbies),Graph 31 (Science&Education),0
Graph 5 (LifeStyle&Hobbies),Graph 32 (Science&Education),-2
Graph 5 (LifeStyle&Hobbies),Graph 33 (Science&Education),0
Graph 5 (LifeStyle&Hobbies),Graph 34 (Science&Education),-1
Graph 5 (LifeStyle&Hobbies),Graph 35 (Science&Education),-1
Graph 5 (LifeStyle&Hobbies),Graph 36 (Science&Education),0
Graph 5 (LifeStyle&Hobbies),Graph 37 (Science&Education),0
Graph 5 (LifeStyle&Hobbies),Graph 38 (Science&Education),0
Graph 5 (LifeStyle&Hobbies),Graph 39 (Science&Education),-3
Graph 5 (LifeStyle&Hobbies),Graph 40 (Science&Education),0
Graph 5 (LifeStyle&Hobbies),Graph 41 (Science&Education),0
Graph 5 (LifeStyle&Hobbies),Graph 42 (Science&Education),0
Graph 5 (LifeStyle&Hobbies),Graph 43 (Science&Education),0
Graph 5 (LifeStyle&Hobbies),Graph 44 (Science&Education),0
Graph 5 (LifeStyle&Hobbies),Graph 45 (Science&Education),0
Graph 6 (LifeStyle&Hobbies),Graph 7 (LifeStyle&Hobbies),-8
Graph 6 (LifeStyle&Hobbies),Graph 8 (LifeStyle&Hobbies),-5
Graph 6 (LifeStyle&Hobbies),Graph 9 (LifeStyle&Hobbies),-4
Graph 6 (LifeStyle&Hobbies),Graph 10 (LifeStyle&Hobbies),-6
Graph 6 (LifeStyle&Hobbies),Graph 11 (LifeStyle&Hobbies),-2
Graph 6 (LifeStyle&Hobbies),Graph 12 (LifeStyle&Hobbies),-2
Graph 6 (LifeStyle&Hobbies),Graph 13 (LifeStyle&Hobbies),-2
Graph 6 (LifeStyle&Hobbies),Graph 14 (LifeStyle&Hobbies),0
Graph 6 (LifeStyle&Hobbies),Graph 15 (LifeStyle&Hobbies),-1
Graph 6 (LifeStyle&Hobbies),Graph 16 (Marketing&Sales),-1
Graph 6 (LifeStyle&Hobbies),Graph 17 (Marketing&Sales),-4
Graph 6 (LifeStyle&Hobbies),Graph 18 (Marketing&Sales),-2
Graph 6 (LifeStyle&Hobbies),Graph 19 (Marketing&Sales),-1
Graph 6 (LifeStyle&Hobbies),Graph 20 (Marketing&Sales),0
Graph 6 (LifeStyle&Hobbies),Graph 21 (Marketing&Sales),0
Graph 6 (LifeStyle&Hobbies),Graph 22 (Marketing&Sales),0
Graph 6 (LifeStyle&Hobbies),Graph 23 (Marketing&Sales),0
Graph 6 (LifeStyle&Hobbies),Graph 24 (Marketing&Sales),0
Graph 6 (LifeStyle&Hobbies),Graph 25 (Marketing&Sales),0
Graph 6 (LifeStyle&Hobbies),Graph 26 (Marketing&Sales),-2
Graph 6 (LifeStyle&Hobbies),Graph 27 (Marketing&Sales),-1
Graph 6 (LifeStyle&Hobbies),Graph 28 (Marketing&Sales),0
Graph 6 (LifeStyle&Hobbies),Graph 29 (Marketing&Sales),0
Graph 6 (LifeStyle&Hobbies),Graph 30 (Marketing&Sales),0
Graph 6 (LifeStyle&Hobbies),Graph 31 (Science&Education),0
Graph 6 (LifeStyle&Hobbies),Graph 32 (Science&Education),0
Graph 6 (LifeStyle&Hobbies),Graph 33 (Science&Education),-1
Graph 6 (LifeStyle&Hobbies),Graph 34 (Science&Education),-2
Graph 6 (LifeStyle&Hobbies),Graph 35 (Science&Education),-2
Graph 6 (LifeStyle&Hobbies),Graph 36 (Science&Education),0
Graph 6 (LifeStyle&Hobbies),Graph 37 (Science&Education),0
Graph 6 (LifeStyle&Hobbies),Graph 38 (Science&Education),0
Graph 6 (LifeStyle&Hobbies),Graph 39 (Science&Education),0
Graph 6 (LifeStyle&Hobbies),Graph 40 (Science&Education),0
Graph 6 (LifeStyle&Hobbies),Graph 41 (Science&Education),-1
Graph 6 (LifeStyle&Hobbies),Graph 42 (Science&Education),-1
Graph 6 (LifeStyle&Hobbies),Graph 43 (Science&Education),0
Graph 6 (LifeStyle&Hobbies),Graph 44 (Science&Education),0
Graph 6 (LifeStyle&Hobbies),Graph 45 (Science&Education),0
Graph 7 (LifeStyle&Hobbies),Graph 8 (LifeStyle&Hobbies),-4
Graph 7 (LifeStyle&Hobbies),Graph 9 (LifeStyle&Hobbies),-2
Graph 7 (LifeStyle&Hobbies),Graph 10 (LifeStyle&Hobbies),-3
Graph 7 (LifeStyle&Hobbies),Graph 11 (LifeStyle&Hobbies),-6
Graph 7 (LifeStyle&Hobbies),Graph 12 (LifeStyle&Hobbies),-5
Graph 7 (LifeStyle&Hobbies),Graph 13 (LifeStyle&Hobbies),-17
Graph 7 (LifeStyle&Hobbies),Graph 14 (LifeStyle&Hobbies),-1
Graph 7 (LifeStyle&Hobbies),Graph 15 (LifeStyle&Hobbies),0
Graph 7 (LifeStyle&Hobbies),Graph 16 (Marketing&Sales),-2
Graph 7 (LifeStyle&Hobbies),Graph 17 (Marketing&Sales),-2
Graph 7 (LifeStyle&Hobbies),Graph 18 (Marketing&Sales),-3
Graph 7 (LifeStyle&Hobbies),Graph 19 (Marketing&Sales),-5
Graph 7 (LifeStyle&Hobbies),Graph 20 (Marketing&Sales),-2
Graph 7 (LifeStyle&Hobbies),Graph 21 (Marketing&Sales),0
Graph 7 (LifeStyle&Hobbies),Graph 22 (Marketing&Sales),0
Graph 7 (LifeStyle&Hobbies),Graph 23 (Marketing&Sales),0
Graph 7 (LifeStyle&Hobbies),Graph 24 (Marketing&Sales),0
Graph 7 (LifeStyle&Hobbies),Graph 25 (Marketing&Sales),-2
Graph 7 (LifeStyle&Hobbies),Graph 26 (Marketing&Sales),-6
Graph 7 (LifeStyle&Hobbies),Graph 27 (Marketing&Sales),0
Graph 7 (LifeStyle&Hobbies),Graph 28 (Marketing&Sales),0
Graph 7 (LifeStyle&Hobbies),Graph 29 (Marketing&Sales),0
Graph 7 (LifeStyle&Hobbies),Graph 30 (Marketing&Sales),0
Graph 7 (LifeStyle&Hobbies),Graph 31 (Science&Education),0
Graph 7 (LifeStyle&Hobbies),Graph 32 (Science&Education),-4
Graph 7 (LifeStyle&Hobbies),Graph 33 (Science&Education),-2
Graph 7 (LifeStyle&Hobbies),Graph 34 (Science&Education),-3
Graph 7 (LifeStyle&Hobbies),Graph 35 (Science&Education),-3
Graph 7 (LifeStyle&Hobbies),Graph 36 (Science&Education),0
Graph 7 (LifeStyle&Hobbies),Graph 37 (Science&Education),0
Graph 7 (LifeStyle&Hobbies),Graph 38 (Science&Education),0
Graph 7 (LifeStyle&Hobbies),Graph 39 (Science&Education),0
Graph 7 (LifeStyle&Hobbies),Graph 40 (Science&Education),0
Graph 7 (LifeStyle&Hobbies),Graph 41 (Science&Education),-1
Graph 7 (LifeStyle&Hobbies),Graph 42 (Science&Education),-7
Graph 7 (LifeStyle&Hobbies),Graph 43 (Science&Education),0
Graph 7 (LifeStyle&Hobbies),Graph 44 (Science&Education),0
Graph 7 (LifeStyle&Hobbies),Graph 45 (Science&Education),0
Graph 8 (LifeStyle&Hobbies),Graph 9 (LifeStyle&Hobbies),-10
Graph 8 (LifeStyle&Hobbies),Graph 10 (LifeStyle&Hobbies),-5
Graph 8 (LifeStyle&Hobbies),Graph 11 (LifeStyle&Hobbies),0
Graph 8 (LifeStyle&Hobbies),Graph 12 (LifeStyle&Hobbies),-1
Graph 8 (LifeStyle&Hobbies),Graph 13 (LifeStyle&Hobbies),0
Graph 8 (LifeStyle&Hobbies),Graph 14 (LifeStyle&Hobbies),-20
Graph 8 (LifeStyle&Hobbies),Graph 15 (LifeStyle&Hobbies),0
Graph 8 (LifeStyle&Hobbies),Graph 16 (Marketing&Sales),0
Graph 8 (LifeStyle&Hobbies),Graph 17 (Marketing&Sales),0
Graph 8 (LifeStyle&Hobbies),Graph 18 (Marketing&Sales),-1
Graph 8 (LifeStyle&Hobbies),Graph 19 (Marketing&Sales),-2
Graph 8 (LifeStyle&Hobbies),Graph 20 (Marketing&Sales),-1
Graph 8 (LifeStyle&Hobbies),Graph 21 (Marketing&Sales),-1
Graph 8 (LifeStyle&Hobbies),Graph 22 (Marketing&Sales),0
Graph 8 (LifeStyle&Hobbies),Graph 23 (Marketing&Sales),0
Graph 8 (LifeStyle&Hobbies),Graph 24 (Marketing&Sales),-1
Graph 8 (LifeStyle&Hobbies),Graph 25 (Marketing&Sales),-4
Graph 8 (LifeStyle&Hobbies),Graph 26 (Marketing&Sales),0
Graph 8 (LifeStyle&Hobbies),Graph 27 (Marketing&Sales),-1
Graph 8 (LifeStyle&Hobbies),Graph 28 (Marketing&Sales),0
Graph 8 (LifeStyle&Hobbies),Graph 29 (Marketing&Sales),0
Graph 8 (LifeStyle&Hobbies),Graph 30 (Marketing&Sales),0
Graph 8 (LifeStyle&Hobbies),Graph 31 (Science&Education),-1
Graph 8 (LifeStyle&Hobbies),Graph 32 (Science&Education),-3
Graph 8 (LifeStyle&Hobbies),Graph 33 (Science&Education),-1
Graph 8 (LifeStyle&Hobbies),Graph 34 (Science&Education),-1
Graph 8 (LifeStyle&Hobbies),Graph 35 (Science&Education),-1
Graph 8 (LifeStyle&Hobbies),Graph 36 (Science&Education),0
Graph 8 (LifeStyle&Hobbies),Graph 37 (Science&Education),0
Graph 8 (LifeStyle&Hobbies),Graph 38 (Science&Education),0
Graph 8 (LifeStyle&Hobbies),Graph 39 (Science&Education),0
Graph 8 (LifeStyle&Hobbies),Graph 40 (Science&Education),0
Graph 8 (LifeStyle&Hobbies),Graph 41 (Science&Education),0
Graph 8 (LifeStyle&Hobbies),Graph 42 (Science&Education),-2
Graph 8 (LifeStyle&Hobbies),Graph 43 (Science&Education),0
Graph 8 (LifeStyle&Hobbies),Graph 44 (Science&Education),0
Graph 8 (LifeStyle&Hobbies),Graph 45 (Science&Education),0
Graph 9 (LifeStyle&Hobbies),Graph 10 (LifeStyle&Hobbies),-3
Graph 9 (LifeStyle&Hobbies),Graph 11 (LifeStyle&Hobbies),0
Graph 9 (LifeStyle&Hobbies),Graph 12 (LifeStyle&Hobbies),-1
Graph 9 (LifeStyle&Hobbies),Graph 13 (LifeStyle&Hobbies),0
Graph 9 (LifeStyle&Hobbies),Graph 14 (LifeStyle&Hobbies),-1
Graph 9 (LifeStyle&Hobbies),Graph 15 (LifeStyle&Hobbies),-17
Graph 9 (LifeStyle&Hobbies),Graph 16 (Marketing&Sales),-4
Graph 9 (LifeStyle&Hobbies),Graph 17 (Marketing&Sales),0
Graph 9 (LifeStyle&Hobbies),Graph 18 (Marketing&Sales),0
Graph 9 (LifeStyle&Hobbies),Graph 19 (Marketing&Sales),-1
Graph 9 (LifeStyle&Hobbies),Graph 20 (Marketing&Sales),-2
Graph 9 (LifeStyle&Hobbies),Graph 21 (Marketing&Sales),0
Graph 9 (LifeStyle&Hobbies),Graph 22 (Marketing&Sales),0
Graph 9 (LifeStyle&Hobbies),Graph 23 (Marketing&Sales),-1
Graph 9 (LifeStyle&Hobbies),Graph 24 (Marketing&Sales),-1
Graph 9 (LifeStyle&Hobbies),Graph 25 (Marketing&Sales),-4
Graph 9 (LifeStyle&Hobbies),Graph 26 (Marketing&Sales),-1
Graph 9 (LifeStyle&Hobbies),Graph 27 (Marketing&Sales),0
Graph 9 (LifeStyle&Hobbies),Graph 28 (Marketing&Sales),0
Graph 9 (LifeStyle&Hobbies),Graph 29 (Marketing&Sales),0
Graph 9 (LifeStyle&Hobbies),Graph 30 (Marketing&Sales),0
Graph 9 (LifeStyle&Hobbies),Graph 31 (Science&Education),0
Graph 9 (LifeStyle&Hobbies),Graph 32 (Science&Education),-1
Graph 9 (LifeStyle&Hobbies),Graph 33 (Science&Education),0
Graph 9 (LifeStyle&Hobbies),Graph 34 (Science&Education),-1
Graph 9 (LifeStyle&Hobbies),Graph 35 (Science&Education),0
Graph 9 (LifeStyle&Hobbies),Graph 36 (Science&Education),0
Graph 9 (LifeStyle&Hobbies),Graph 37 (Science&Education),0
Graph 9 (LifeStyle&Hobbies),Graph 38 (Science&Education),0
Graph 9 (LifeStyle&Hobbies),Graph 39 (Science&Education),-1
Graph 9 (LifeStyle&Hobbies),Graph 40 (Science&Education),0
Graph 9 (LifeStyle&Hobbies),Graph 41 (Science&Education),0
Graph 9 (LifeStyle&Hobbies),Graph 42 (Science&Education),0
Graph 9 (LifeStyle&Hobbies),Graph 43 (Science&Education),0
Graph 9 (LifeStyle&Hobbies),Graph 44 (Science&Education),0
Graph 9 (LifeStyle&Hobbies),Graph 45 (Science&Education),0
Graph 10 (LifeStyle&Hobbies),Graph 11 (LifeStyle&Hobbies),0
Graph 10 (LifeStyle&Hobbies),Graph 12 (LifeStyle&Hobbies),-2
Graph 10 (LifeStyle&Hobbies),Graph 13 (LifeStyle&Hobbies),0
Graph 10 (LifeStyle&Hobbies),Graph 14 (LifeStyle&Hobbies),-1
Graph 10 (LifeStyle&Hobbies),Graph 15 (LifeStyle&Hobbies),0
Graph 10 (LifeStyle&Hobbies),Graph 16 (Marketing&Sales),-3
Graph 10 (LifeStyle&Hobbies),Graph 17 (Marketing&Sales),0
Graph 10 (LifeStyle&Hobbies),Graph 18 (Marketing&Sales),0
Graph 10 (LifeStyle&Hobbies),Graph 19 (Marketing&Sales),0
Graph 10 (LifeStyle&Hobbies),Graph 20 (Marketing&Sales),-1
Graph 10 (LifeStyle&Hobbies),Graph 21 (Marketing&Sales),0
Graph 10 (LifeStyle&Hobbies),Graph 22 (Marketing&Sales),0
Graph 10 (LifeStyle&Hobbies),Graph 23 (Marketing&Sales),-1
Graph 10 (LifeStyle&Hobbies),Graph 24 (Marketing&Sales),-1
Graph 10 (LifeStyle&Hobbies),Graph 25 (Marketing&Sales),-2
Graph 10 (LifeStyle&Hobbies),Graph 26 (Marketing&Sales),-1
Graph 10 (LifeStyle&Hobbies),Graph 27 (Marketing&Sales),-3
Graph 10 (LifeStyle&Hobbies),Graph 28 (Marketing&Sales),-1
Graph 10 (LifeStyle&Hobbies),Graph 29 (Marketing&Sales),0
Graph 10 (LifeStyle&Hobbies),Graph 30 (Marketing&Sales),0
Graph 10 (LifeStyle&Hobbies),Graph 31 (Science&Education),0
Graph 10 (LifeStyle&Hobbies),Graph 32 (Science&Education),-1
Graph 10 (LifeStyle&Hobbies),Graph 33 (Science&Education),0
Graph 10 (LifeStyle&Hobbies),Graph 34 (Science&Education),-1
Graph 10 (LifeStyle&Hobbies),Graph 35 (Science&Education),-2
Graph 10 (LifeStyle&Hobbies),Graph 36 (Science&Education),0
Graph 10 (LifeStyle&Hobbies),Graph 37 (Science&Education),-1
Graph 10 (LifeStyle&Hobbies),Graph 38 (Science&Education),-1
Graph 10 (LifeStyle&Hobbies),Graph 39 (Science&Education),-1
Graph 10 (LifeStyle&Hobbies),Graph 40 (Science&Education),0
Graph 10 (LifeStyle&Hobbies),Graph 41 (Science&Education),0
Graph 10 (LifeStyle&Hobbies),Graph 42 (Science&Education),-1
Graph 10 (LifeStyle&Hobbies),Graph 43 (Science&Education),0
Graph 10 (LifeStyle&Hobbies),Graph 44 (Science&Education),0
Graph 10 (LifeStyle&Hobbies),Graph 45 (Science&Education),-2
Graph 11 (LifeStyle&Hobbies),Graph 12 (LifeStyle&Hobbies),-1
Graph 11 (LifeStyle&Hobbies),Graph 13 (LifeStyle&Hobbies),-1
Graph 11 (LifeStyle&Hobbies),Graph 14 (LifeStyle&Hobbies),0
Graph 11 (LifeStyle&Hobbies),Graph 15 (LifeStyle&Hobbies),0
Graph 11 (LifeStyle&Hobbies),Graph 16 (Marketing&Sales),-2
Graph 11 (LifeStyle&Hobbies),Graph 17 (Marketing&Sales),-1
Graph 11 (LifeStyle&Hobbies),Graph 18 (Marketing&Sales),0
Graph 11 (LifeStyle&Hobbies),Graph 19 (Marketing&Sales),-4
Graph 11 (LifeStyle&Hobbies),Graph 20 (Marketing&Sales),-1
Graph 11 (LifeStyle&Hobbies),Graph 21 (Marketing&Sales),-2
Graph 11 (LifeStyle&Hobbies),Graph 22 (Marketing&Sales),0
Graph 11 (LifeStyle&Hobbies),Graph 23 (Marketing&Sales),-5
Graph 11 (LifeStyle&Hobbies),Graph 24 (Marketing&Sales),0
Graph 11 (LifeStyle&Hobbies),Graph 25 (Marketing&Sales),-1
Graph 11 (LifeStyle&Hobbies),Graph 26 (Marketing&Sales),-5
Graph 11 (LifeStyle&Hobbies),Graph 27 (Marketing&Sales),-1
Graph 11 (LifeStyle&Hobbies),Graph 28 (Marketing&Sales),0
Graph 11 (LifeStyle&Hobbies),Graph 29 (Marketing&Sales),0
Graph 11 (LifeStyle&Hobbies),Graph 30 (Marketing&Sales),0
Graph 11 (LifeStyle&Hobbies),Graph 31 (Science&Education),0
Graph 11 (LifeStyle&Hobbies),Graph 32 (Science&Education),-2
Graph 11 (LifeStyle&Hobbies),Graph 33 (Science&Education),-4
Graph 11 (LifeStyle&Hobbies),Graph 34 (Science&Education),0
Graph 11 (LifeStyle&Hobbies),Graph 35 (Science&Education),0
Graph 11 (LifeStyle&Hobbies),Graph 36 (Science&Education),0
Graph 11 (LifeStyle&Hobbies),Graph 37 (Science&Education),0
Graph 11 (LifeStyle&Hobbies),Graph 38 (Science&Education),0
Graph 11 (LifeStyle&Hobbies),Graph 39 (Science&Education),-3
Graph 11 (LifeStyle&Hobbies),Graph 40 (Science&Education),-1
Graph 11 (LifeStyle&Hobbies),Graph 41 (Science&Education),0
Graph 11 (LifeStyle&Hobbies),Graph 42 (Science&Education),0
Graph 11 (LifeStyle&Hobbies),Graph 43 (Science&Education),0
Graph 11 (LifeStyle&Hobbies),Graph 44 (Science&Education),0
Graph 11 (LifeStyle&Hobbies),Graph 45 (Science&Education),0
Graph 12 (LifeStyle&Hobbies),Graph 13 (LifeStyle&Hobbies),0
Graph 12 (LifeStyle&Hobbies),Graph 14 (LifeStyle&Hobbies),0
Graph 12 (LifeStyle&Hobbies),Graph 15 (LifeStyle&Hobbies),0
Graph 12 (LifeStyle&Hobbies),Graph 16 (Marketing&Sales),-2
Graph 12 (LifeStyle&Hobbies),Graph 17 (Marketing&Sales),-1
Graph 12 (LifeStyle&Hobbies),Graph 18 (Marketing&Sales),-1
Graph 12 (LifeStyle&Hobbies),Graph 19 (Marketing&Sales),0
Graph 12 (LifeStyle&Hobbies),Graph 20 (Marketing&Sales),0
Graph 12 (LifeStyle&Hobbies),Graph 21 (Marketing&Sales),0
Graph 12 (LifeStyle&Hobbies),Graph 22 (Marketing&Sales),0
Graph 12 (LifeStyle&Hobbies),Graph 23 (Marketing&Sales),-1
Graph 12 (LifeStyle&Hobbies),Graph 24 (Marketing&Sales),-1
Graph 12 (LifeStyle&Hobbies),Graph 25 (Marketing&Sales),-1
Graph 12 (LifeStyle&Hobbies),Graph 26 (Marketing&Sales),-1
Graph 12 (LifeStyle&Hobbies),Graph 27 (Marketing&Sales),-1
Graph 12 (LifeStyle&Hobbies),Graph 28 (Marketing&Sales),0
Graph 12 (LifeStyle&Hobbies),Graph 29 (Marketing&Sales),0
Graph 12 (LifeStyle&Hobbies),Graph 30 (Marketing&Sales),0
Graph 12 (LifeStyle&Hobbies),Graph 31 (Science&Education),0
Graph 12 (LifeStyle&Hobbies),Graph 32 (Science&Education),0
Graph 12 (LifeStyle&Hobbies),Graph 33 (Science&Education),0
Graph 12 (LifeStyle&Hobbies),Graph 34 (Science&Education),0
Graph 12 (LifeStyle&Hobbies),Graph 35 (Science&Education),-2
Graph 12 (LifeStyle&Hobbies),Graph 36 (Science&Education),0
Graph 12 (LifeStyle&Hobbies),Graph 37 (Science&Education),0
Graph 12 (LifeStyle&Hobbies),Graph 38 (Science&Education),0
Graph 12 (LifeStyle&Hobbies),Graph 39 (Science&Education),-1
Graph 12 (LifeStyle&Hobbies),Graph 40 (Science&Education),0
Graph 12 (LifeStyle&Hobbies),Graph 41 (Science&Education),0
Graph 12 (LifeStyle&Hobbies),Graph 42 (Science&Education),0
Graph 12 (LifeStyle&Hobbies),Graph 43 (Science&Education),0
Graph 12 (LifeStyle&Hobbies),Graph 44 (Science&Education),0
Graph 12 (LifeStyle&Hobbies),Graph 45 (Science&Education),0
Graph 13 (LifeStyle&Hobbies),Graph 14 (LifeStyle&Hobbies),-12
Graph 13 (LifeStyle&Hobbies),Graph 15 (LifeStyle&Hobbies),-12
Graph 13 (LifeStyle&Hobbies),Graph 16 (Marketing&Sales),0
Graph 13 (LifeStyle&Hobbies),Graph 17 (Marketing&Sales),-1
Graph 13 (LifeStyle&Hobbies),Graph 18 (Marketing&Sales),0
Graph 13 (LifeStyle&Hobbies),Graph 19 (Marketing&Sales),-1
Graph 13 (LifeStyle&Hobbies),Graph 20 (Marketing&Sales),0
Graph 13 (LifeStyle&Hobbies),Graph 21 (Marketing&Sales),0
Graph 13 (LifeStyle&Hobbies),Graph 22 (Marketing&Sales),0
Graph 13 (LifeStyle&Hobbies),Graph 23 (Marketing&Sales),0
Graph 13 (LifeStyle&Hobbies),Graph 24 (Marketing&Sales),0
Graph 13 (LifeStyle&Hobbies),Graph 25 (Marketing&Sales),0
Graph 13 (LifeStyle&Hobbies),Graph 26 (Marketing&Sales),0
Graph 13 (LifeStyle&Hobbies),Graph 27 (Marketing&Sales),0
Graph 13 (LifeStyle&Hobbies),Graph 28 (Marketing&Sales),-13
Graph 13 (LifeStyle&Hobbies),Graph 29 (Marketing&Sales),-10
Graph 13 (LifeStyle&Hobbies),Graph 30 (Marketing&Sales),-5
Graph 13 (LifeStyle&Hobbies),Graph 31 (Science&Education),0
Graph 13 (LifeStyle&Hobbies),Graph 32 (Science&Education),-1
Graph 13 (LifeStyle&Hobbies),Graph 33 (Science&Education),0
Graph 13 (LifeStyle&Hobbies),Graph 34 (Science&Education),0
Graph 13 (LifeStyle&Hobbies),Graph 35 (Science&Education),0
Graph 13 (LifeStyle&Hobbies),Graph 36 (Science&Education),0
Graph 13 (LifeStyle&Hobbies),Graph 37 (Science&Education),0
Graph 13 (LifeStyle&Hobbies),Graph 38 (Science&Education),0
Graph 13 (LifeStyle&Hobbies),Graph 39 (Science&Education),0
Graph 13 (LifeStyle&Hobbies),Graph 40 (Science&Education),0
Graph 13 (LifeStyle&Hobbies),Graph 41 (Science&Education),-1
Graph 13 (LifeStyle&Hobbies),Graph 42 (Science&Education),0
Graph 13 (LifeStyle&Hobbies),Graph 43 (Science&Education),-8
Graph 13 (LifeStyle&Hobbies),Graph 44 (Science&Education),-17
Graph 13 (LifeStyle&Hobbies),Graph 45 (Science&Education),-11
Graph 14 (LifeStyle&Hobbies),Graph 15 (LifeStyle&Hobbies),-21
Graph 14 (LifeStyle&Hobbies),Graph 16 (Marketing&Sales),0
Graph 14 (LifeStyle&Hobbies),Graph 17 (Marketing&Sales),0
Graph 14 (LifeStyle&Hobbies),Graph 18 (Marketing&Sales),-1
Graph 14 (LifeStyle&Hobbies),Graph 19 (Marketing&Sales),-1
Graph 14 (LifeStyle&Hobbies),Graph 20 (Marketing&Sales),0
Graph 14 (LifeStyle&Hobbies),Graph 21 (Marketing&Sales),0
Graph 14 (LifeStyle&Hobbies),Graph 22 (Marketing&Sales),0
Graph 14 (LifeStyle&Hobbies),Graph 23 (Marketing&Sales),0
Graph 14 (LifeStyle&Hobbies),Graph 24 (Marketing&Sales),0
Graph 14 (LifeStyle&Hobbies),Graph 25 (Marketing&Sales),-1
Graph 14 (LifeStyle&Hobbies),Graph 26 (Marketing&Sales),0
Graph 14 (LifeStyle&Hobbies),Graph 27 (Marketing&Sales),0
Graph 14 (LifeStyle&Hobbies),Graph 28 (Marketing&Sales),-20
Graph 14 (LifeStyle&Hobbies),Graph 29 (Marketing&Sales),-6
Graph 14 (LifeStyle&Hobbies),Graph 30 (Marketing&Sales),-5
Graph 14 (LifeStyle&Hobbies),Graph 31 (Science&Education),0
Graph 14 (LifeStyle&Hobbies),Graph 32 (Science&Education),-1
Graph 14 (LifeStyle&Hobbies),Graph 33 (Science&Education),-1
Graph 14 (LifeStyle&Hobbies),Graph 34 (Science&Education),0
Graph 14 (LifeStyle&Hobbies),Graph 35 (Science&Education),-1
Graph 14 (LifeStyle&Hobbies),Graph 36 (Science&Education),0
Graph 14 (LifeStyle&Hobbies),Graph 37 (Science&Education),0
Graph 14 (LifeStyle&Hobbies),Graph 38 (Science&Education),0
Graph 14 (LifeStyle&Hobbies),Graph 39 (Science&Education),0
Graph 14 (LifeStyle&Hobbies),Graph 40 (Science&Education),0
Graph 14 (LifeStyle&Hobbies),Graph 41 (Science&Education),0
Graph 14 (LifeStyle&Hobbies),Graph 42 (Science&Education),-1
Graph 14 (LifeStyle&Hobbies),Graph 43 (Science&Education),-5
Graph 14 (LifeStyle&Hobbies),Graph 44 (Science&Education),-7
Graph 14 (LifeStyle&Hobbies),Graph 45 (Science&Education),-11
Graph 15 (LifeStyle&Hobbies),Graph 16 (Marketing&Sales),-1
Graph 15 (LifeStyle&Hobbies),Graph 17 (Marketing&Sales),0
Graph 15 (LifeStyle&Hobbies),Graph 18 (Marketing&Sales),0
Graph 15 (LifeStyle&Hobbies),Graph 19 (Marketing&Sales),0
Graph 15 (LifeStyle&Hobbies),Graph 20 (Marketing&Sales),0
Graph 15 (LifeStyle&Hobbies),Graph 21 (Marketing&Sales),0
Graph 15 (LifeStyle&Hobbies),Graph 22 (Marketing&Sales),0
Graph 15 (LifeStyle&Hobbies),Graph 23 (Marketing&Sales),0
Graph 15 (LifeStyle&Hobbies),Graph 24 (Marketing&Sales),0
Graph 15 (LifeStyle&Hobbies),Graph 25 (Marketing&Sales),0
Graph 15 (LifeStyle&Hobbies),Graph 26 (Marketing&Sales),0
Graph 15 (LifeStyle&Hobbies),Graph 27 (Marketing&Sales),0
Graph 15 (LifeStyle&Hobbies),Graph 28 (Marketing&Sales),-17
Graph 15 (LifeStyle&Hobbies),Graph 29 (Marketing&Sales),-8
Graph 15 (LifeStyle&Hobbies),Graph 30 (Marketing&Sales),-3
Graph 15 (LifeStyle&Hobbies),Graph 31 (Science&Education),0
Graph 15 (LifeStyle&Hobbies),Graph 32 (Science&Education),0
Graph 15 (LifeStyle&Hobbies),Graph 33 (Science&Education),0
Graph 15 (LifeStyle&Hobbies),Graph 34 (Science&Education),0
Graph 15 (LifeStyle&Hobbies),Graph 35 (Science&Education),0
Graph 15 (LifeStyle&Hobbies),Graph 36 (Science&Education),0
Graph 15 (LifeStyle&Hobbies),Graph 37 (Science&Education),0
Graph 15 (LifeStyle&Hobbies),Graph 38 (Science&Education),0
Graph 15 (LifeStyle&Hobbies),Graph 39 (Science&Education),0
Graph 15 (LifeStyle&Hobbies),Graph 40 (Science&Education),0
Graph 15 (LifeStyle&Hobbies),Graph 41 (Science&Education),0
Graph 15 (LifeStyle&Hobbies),Graph 42 (Science&Education),0
Graph 15 (LifeStyle&Hobbies),Graph 43 (Science&Education),-9
Graph 15 (LifeStyle&Hobbies),Graph 44 (Science&Education),-7
Graph 15 (LifeStyle&Hobbies),Graph 45 (Science&Education),-7
Graph 16 (Marketing&Sales),Graph 17 (Marketing&Sales),-3
Graph 16 (Marketing&Sales),Graph 18 (Marketing&Sales),0
Graph 16 (Marketing&Sales),Graph 19 (Marketing&Sales),0
Graph 16 (Marketing&Sales),Graph 20 (Marketing&Sales),-1
Graph 16 (Marketing&Sales),Graph 21 (Marketing&Sales),0
Graph 16 (Marketing&Sales),Graph 22 (Marketing&Sales),0
Graph 16 (Marketing&Sales),Graph 23 (Marketing&Sales),-1
Graph 16 (Marketing&Sales),Graph 24 (Marketing&Sales),0
Graph 16 (Marketing&Sales),Graph 25 (Marketing&Sales),-4
Graph 16 (Marketing&Sales),Graph 26 (Marketing&Sales),-5
Graph 16 (Marketing&Sales),Graph 27 (Marketing&Sales),-1
Graph 16 (Marketing&Sales),Graph 28 (Marketing&Sales),-1
Graph 16 (Marketing&Sales),Graph 29 (Marketing&Sales),0
Graph 16 (Marketing&Sales),Graph 30 (Marketing&Sales),0
Graph 16 (Marketing&Sales),Graph 31 (Science&Education),0
Graph 16 (Marketing&Sales),Graph 32 (Science&Education),0
Graph 16 (Marketing&Sales),Graph 33 (Science&Education),0
Graph 16 (Marketing&Sales),Graph 34 (Science&Education),0
Graph 16 (Marketing&Sales),Graph 35 (Science&Education),0
Graph 16 (Marketing&Sales),Graph 36 (Science&Education),0
Graph 16 (Marketing&Sales),Graph 37 (Science&Education),0
Graph 16 (Marketing&Sales),Graph 38 (Science&Education),0
Graph 16 (Marketing&Sales),Graph 39 (Science&Education),-1
Graph 16 (Marketing&Sales),Graph 40 (Science&Education),-1
Graph 16 (Marketing&Sales),Graph 41 (Science&Education),0
Graph 16 (Marketing&Sales),Graph 42 (Science&Education),-1
Graph 16 (Marketing&Sales),Graph 43 (Science&Education),0
Graph 16 (Marketing&Sales),Graph 44 (Science&Education),0
Graph 16 (Marketing&Sales),Graph 45 (Science&Education),-1
Graph 17 (Marketing&Sales),Graph 18 (Marketing&Sales),-2
Graph 17 (Marketing&Sales),Graph 19 (Marketing&Sales),-9
Graph 17 (Marketing&Sales),Graph 20 (Marketing&Sales),0
Graph 17 (Marketing&Sales),Graph 21 (Marketing&Sales),-1
Graph 17 (Marketing&Sales),Graph 22 (Marketing&Sales),0
Graph 17 (Marketing&Sales),Graph 23 (Marketing&Sales),-1
Graph 17 (Marketing&Sales),Graph 24 (Marketing&Sales),0
Graph 17 (Marketing&Sales),Graph 25 (Marketing&Sales),0
Graph 17 (Marketing&Sales),Graph 26 (Marketing&Sales),-3
Graph 17 (Marketing&Sales),Graph 27 (Marketing&Sales),-2
Graph 17 (Marketing&Sales),Graph 28 (Marketing&Sales),0
Graph 17 (Marketing&Sales),Graph 29 (Marketing&Sales),0
Graph 17 (Marketing&Sales),Graph 30 (Marketing&Sales),0
Graph 17 (Marketing&Sales),Graph 31 (Science&Education),0
Graph 17 (Marketing&Sales),Graph 32 (Science&Education),0
Graph 17 (Marketing&Sales),Graph 33 (Science&Education),0
Graph 17 (Marketing&Sales),Graph 34 (Science&Education),0
Graph 17 (Marketing&Sales),Graph 35 (Science&Education),0
Graph 17 (Marketing&Sales),Graph 36 (Science&Education),0
Graph 17 (Marketing&Sales),Graph 37 (Science&Education),0
Graph 17 (Marketing&Sales),Graph 38 (Science&Education),0
Graph 17 (Marketing&Sales),Graph 39 (Science&Education),0
Graph 17 (Marketing&Sales),Graph 40 (Science&Education),0
Graph 17 (Marketing&Sales),Graph 41 (Science&Education),-1
Graph 17 (Marketing&Sales),Graph 42 (Science&Education),0
Graph 17 (Marketing&Sales),Graph 43 (Science&Education),0
Graph 17 (Marketing&Sales),Graph 44 (Science&Education),0
Graph 17 (Marketing&Sales),Graph 45 (Science&Education),0
Graph 18 (Marketing&Sales),Graph 19 (Marketing&Sales),-6
Graph 18 (Marketing&Sales),Graph 20 (Marketing&Sales),0
Graph 18 (Marketing&Sales),Graph 21 (Marketing&Sales),0
Graph 18 (Marketing&Sales),Graph 22 (Marketing&Sales),0
Graph 18 (Marketing&Sales),Graph 23 (Marketing&Sales),0
Graph 18 (Marketing&Sales),Graph 24 (Marketing&Sales),-1
Graph 18 (Marketing&Sales),Graph 25 (Marketing&Sales),-1
Graph 18 (Marketing&Sales),Graph 26 (Marketing&Sales),0
Graph 18 (Marketing&Sales),Graph 27 (Marketing&Sales),-4
Graph 18 (Marketing&Sales),Graph 28 (Marketing&Sales),0
Graph 18 (Marketing&Sales),Graph 29 (Marketing&Sales),0
Graph 18 (Marketing&Sales),Graph 30 (Marketing&Sales),0
Graph 18 (Marketing&Sales),Graph 31 (Science&Education),0
Graph 18 (Marketing&Sales),Graph 32 (Science&Education),-1
Graph 18 (Marketing&Sales),Graph 33 (Science&Education),-1
Graph 18 (Marketing&Sales),Graph 34 (Science&Education),-4
Graph 18 (Marketing&Sales),Graph 35 (Science&Education),-2
Graph 18 (Marketing&Sales),Graph 36 (Science&Education),0
Graph 18 (Marketing&Sales),Graph 37 (Science&Education),0
Graph 18 (Marketing&Sales),Graph 38 (Science&Education),0
Graph 18 (Marketing&Sales),Graph 39 (Science&Education),0
Graph 18 (Marketing&Sales),Graph 40 (Science&Education),-1
Graph 18 (Marketing&Sales),Graph 41 (Science&Education),-1
Graph 18 (Marketing&Sales),Graph 42 (Science&Education),-4
Graph 18 (Marketing&Sales),Graph 43 (Science&Education),0
Graph 18 (Marketing&Sales),Graph 44 (Science&Education),0
Graph 18 (Marketing&Sales),Graph 45 (Science&Education),0
Graph 19 (Marketing&Sales),Graph 20 (Marketing&Sales),-1
Graph 19 (Marketing&Sales),Graph 21 (Marketing&Sales),-2
Graph 19 (Marketing&Sales),Graph 22 (Marketing&Sales),0
Graph 19 (Marketing&Sales),Graph 23 (Marketing&Sales),-4
Graph 19 (Marketing&Sales),Graph 24 (Marketing&Sales),-1
Graph 19 (Marketing&Sales),Graph 25 (Marketing&Sales),-2
Graph 19 (Marketing&Sales),Graph 26 (Marketing&Sales),0
Graph 19 (Marketing&Sales),Graph 27 (Marketing&Sales),-1
Graph 19 (Marketing&Sales),Graph 28 (Marketing&Sales),0
Graph 19 (Marketing&Sales),Graph 29 (Marketing&Sales),0
Graph 19 (Marketing&Sales),Graph 30 (Marketing&Sales),0
Graph 19 (Marketing&Sales),Graph 31 (Science&Education),0
Graph 19 (Marketing&Sales),Graph 32 (Science&Education),-2
Graph 19 (Marketing&Sales),Graph 33 (Science&Education),-2
Graph 19 (Marketing&Sales),Graph 34 (Science&Education),0
Graph 19 (Marketing&Sales),Graph 35 (Science&Education),-2
Graph 19 (Marketing&Sales),Graph 36 (Science&Education),0
Graph 19 (Marketing&Sales),Graph 37 (Science&Education),0
Graph 19 (Marketing&Sales),Graph 38 (Science&Education),0
Graph 19 (Marketing&Sales),Graph 39 (Science&Education),-3
Graph 19 (Marketing&Sales),Graph 40 (Science&Education),0
Graph 19 (Marketing&Sales),Graph 41 (Science&Education),0
Graph 19 (Marketing&Sales),Graph 42 (Science&Education),-2
Graph 19 (Marketing&Sales),Graph 43 (Science&Education),0
Graph 19 (Marketing&Sales),Graph 44 (Science&Education),0
Graph 19 (Marketing&Sales),Graph 45 (Science&Education),0
Graph 20 (Marketing&Sales),Graph 21 (Marketing&Sales),0
Graph 20 (Marketing&Sales),Graph 22 (Marketing&Sales),0
Graph 20 (Marketing&Sales),Graph 23 (Marketing&Sales),-2
Graph 20 (Marketing&Sales),Graph 24 (Marketing&Sales),0
Graph 20 (Marketing&Sales),Graph 25 (Marketing&Sales),0
Graph 20 (Marketing&Sales),Graph 26 (Marketing&Sales),-4
Graph 20 (Marketing&Sales),Graph 27 (Marketing&Sales),-2
Graph 20 (Marketing&Sales),Graph 28 (Marketing&Sales),-12
Graph 20 (Marketing&Sales),Graph 29 (Marketing&Sales),0
Graph 20 (Marketing&Sales),Graph 30 (Marketing&Sales),0
Graph 20 (Marketing&Sales),Graph 31 (Science&Education),0
Graph 20 (Marketing&Sales),Graph 32 (Science&Education),-2
Graph 20 (Marketing&Sales),Graph 33 (Science&Education),0
Graph 20 (Marketing&Sales),Graph 34 (Science&Education),0
Graph 20 (Marketing&Sales),Graph 35 (Science&Education),0
Graph 20 (Marketing&Sales),Graph 36 (Science&Education),0
Graph 20 (Marketing&Sales),Graph 37 (Science&Education),0
Graph 20 (Marketing&Sales),Graph 38 (Science&Education),0
Graph 20 (Marketing&Sales),Graph 39 (Science&Education),-2
Graph 20 (Marketing&Sales),Graph 40 (Science&Education),0
Graph 20 (Marketing&Sales),Graph 41 (Science&Education),0
Graph 20 (Marketing&Sales),Graph 42 (Science&Education),-1
Graph 20 (Marketing&Sales),Graph 43 (Science&Education),0
Graph 20 (Marketing&Sales),Graph 44 (Science&Education),0
Graph 20 (Marketing&Sales),Graph 45 (Science&Education),-1
Graph 21 (Marketing&Sales),Graph 22 (Marketing&Sales),-1
Graph 21 (Marketing&Sales),Graph 23 (Marketing&Sales),-3
Graph 21 (Marketing&Sales),Graph 24 (Marketing&Sales),-1
Graph 21 (Marketing&Sales),Graph 25 (Marketing&Sales),0
Graph 21 (Marketing&Sales),Graph 26 (Marketing&Sales),0
Graph 21 (Marketing&Sales),Graph 27 (Marketing&Sales),-9
Graph 21 (Marketing&Sales),Graph 28 (Marketing&Sales),0
Graph 21 (Marketing&Sales),Graph 29 (Marketing&Sales),-14
Graph 21 (Marketing&Sales),Graph 30 (Marketing&Sales),0
Graph 21 (Marketing&Sales),Graph 31 (Science&Education),0
Graph 21 (Marketing&Sales),Graph 32 (Science&Education),-2
Graph 21 (Marketing&Sales),Graph 33 (Science&Education),-1
Graph 21 (Marketing&Sales),Graph 34 (Science&Education),0
Graph 21 (Marketing&Sales),Graph 35 (Science&Education),0
Graph 21 (Marketing&Sales),Graph 36 (Science&Education),0
Graph 21 (Marketing&Sales),Graph 37 (Science&Education),0
Graph 21 (Marketing&Sales),Graph 38 (Science&Education),0
Graph 21 (Marketing&Sales),Graph 39 (Science&Education),-3
Graph 21 (Marketing&Sales),Graph 40 (Science&Education),0
Graph 21 (Marketing&Sales),Graph 41 (Science&Education),0
Graph 21 (Marketing&Sales),Graph 42 (Science&Education),-1
Graph 21 (Marketing&Sales),Graph 43 (Science&Education),0
Graph 21 (Marketing&Sales),Graph 44 (Science&Education),0
Graph 21 (Marketing&Sales),Graph 45 (Science&Education),0
Graph 22 (Marketing&Sales),Graph 23 (Marketing&Sales),0
Graph 22 (Marketing&Sales),Graph 24 (Marketing&Sales),0
Graph 22 (Marketing&Sales),Graph 25 (Marketing&Sales),0
Graph 22 (Marketing&Sales),Graph 26 (Marketing&Sales),0
Graph 22 (Marketing&Sales),Graph 27 (Marketing&Sales),0
Graph 22 (Marketing&Sales),Graph 28 (Marketing&Sales),0
Graph 22 (Marketing&Sales),Graph 29 (Marketing&Sales),0
Graph 22 (Marketing&Sales),Graph 30 (Marketing&Sales),-11
Graph 22 (Marketing&Sales),Graph 31 (Science&Education),0
Graph 22 (Marketing&Sales),Graph 32 (Science&Education),-1
Graph 22 (Marketing&Sales),Graph 33 (Science&Education),0
Graph 22 (Marketing&Sales),Graph 34 (Science&Education),-1
Graph 22 (Marketing&Sales),Graph 35 (Science&Education),0
Graph 22 (Marketing&Sales),Graph 36 (Science&Education),0
Graph 22 (Marketing&Sales),Graph 37 (Science&Education),0
Graph 22 (Marketing&Sales),Graph 38 (Science&Education),0
Graph 22 (Marketing&Sales),Graph 39 (Science&Education),0
Graph 22 (Marketing&Sales),Graph 40 (Science&Education),-1
Graph 22 (Marketing&Sales),Graph 41 (Science&Education),0
Graph 22 (Marketing&Sales),Graph 42 (Science&Education),-1
Graph 22 (Marketing&Sales),Graph 43 (Science&Education),0
Graph 22 (Marketing&Sales),Graph 44 (Science&Education),-1
Graph 22 (Marketing&Sales),Graph 45 (Science&Education),0
Graph 23 (Marketing&Sales),Graph 24 (Marketing&Sales),-3
Graph 23 (Marketing&Sales),Graph 25 (Marketing&Sales),-1
Graph 23 (Marketing&Sales),Graph 26 (Marketing&Sales),-1
Graph 23 (Marketing&Sales),Graph 27 (Marketing&Sales),-5
Graph 23 (Marketing&Sales),Graph 28 (Marketing&Sales),0
Graph 23 (Marketing&Sales),Graph 29 (Marketing&Sales),0
Graph 23 (Marketing&Sales),Graph 30 (Marketing&Sales),0
Graph 23 (Marketing&Sales),Graph 31 (Science&Education),0
Graph 23 (Marketing&Sales),Graph 32 (Science&Education),-1
Graph 23 (Marketing&Sales),Graph 33 (Science&Education),0
Graph 23 (Marketing&Sales),Graph 34 (Science&Education),0
Graph 23 (Marketing&Sales),Graph 35 (Science&Education),0
Graph 23 (Marketing&Sales),Graph 36 (Science&Education),0
Graph 23 (Marketing&Sales),Graph 37 (Science&Education),0
Graph 23 (Marketing&Sales),Graph 38 (Science&Education),0
Graph 23 (Marketing&Sales),Graph 39 (Science&Education),-270
Graph 23 (Marketing&Sales),Graph 40 (Science&Education),-1
Graph 23 (Marketing&Sales),Graph 41 (Science&Education),0
Graph 23 (Marketing&Sales),Graph 42 (Science&Education),0
Graph 23 (Marketing&Sales),Graph 43 (Science&Education),0
Graph 23 (Marketing&Sales),Graph 44 (Science&Education),0
Graph 23 (Marketing&Sales),Graph 45 (Science&Education),0
Graph 24 (Marketing&Sales),Graph 25 (Marketing&Sales),0
Graph 24 (Marketing&Sales),Graph 26 (Marketing&Sales),-1
Graph 24 (Marketing&Sales),Graph 27 (Marketing&Sales),-1
Graph 24 (Marketing&Sales),Graph 28 (Marketing&Sales),0
Graph 24 (Marketing&Sales),Graph 29 (Marketing&Sales),0
Graph 24 (Marketing&Sales),Graph 30 (Marketing&Sales),0
Graph 24 (Marketing&Sales),Graph 31 (Science&Education),-1
Graph 24 (Marketing&Sales),Graph 32 (Science&Education),0
Graph 24 (Marketing&Sales),Graph 33 (Science&Education),0
Graph 24 (Marketing&Sales),Graph 34 (Science&Education),0
Graph 24 (Marketing&Sales),Graph 35 (Science&Education),0
Graph 24 (Marketing&Sales),Graph 36 (Science&Education),0
Graph 24 (Marketing&Sales),Graph 37 (Science&Education),0
Graph 24 (Marketing&Sales),Graph 38 (Science&Education),0
Graph 24 (Marketing&Sales),Graph 39 (Science&Education),-3
Graph 24 (Marketing&Sales),Graph 40 (Science&Education),0
Graph 24 (Marketing&Sales),Graph 41 (Science&Education),0
Graph 24 (Marketing&Sales),Graph 42 (Science&Education),0
Graph 24 (Marketing&Sales),Graph 43 (Science&Education),0
Graph 24 (Marketing&Sales),Graph 44 (Science&Education),0
Graph 24 (Marketing&Sales),Graph 45 (Science&Education),-1
Graph 25 (Marketing&Sales),Graph 26 (Marketing&Sales),-3
Graph 25 (Marketing&Sales),Graph 27 (Marketing&Sales),0
Graph 25 (Marketing&Sales),Graph 28 (Marketing&Sales),0
Graph 25 (Marketing&Sales),Graph 29 (Marketing&Sales),0
Graph 25 (Marketing&Sales),Graph 30 (Marketing&Sales),0
Graph 25 (Marketing&Sales),Graph 31 (Science&Education),0
Graph 25 (Marketing&Sales),Graph 32 (Science&Education),-2
Graph 25 (Marketing&Sales),Graph 33 (Science&Education),-1
Graph 25 (Marketing&Sales),Graph 34 (Science&Education),0
Graph 25 (Marketing&Sales),Graph 35 (Science&Education),-2
Graph 25 (Marketing&Sales),Graph 36 (Science&Education),0
Graph 25 (Marketing&Sales),Graph 37 (Science&Education),0
Graph 25 (Marketing&Sales),Graph 38 (Science&Education),0
Graph 25 (Marketing&Sales),Graph 39 (Science&Education),-1
Graph 25 (Marketing&Sales),Graph 40 (Science&Education),-1
Graph 25 (Marketing&Sales),Graph 41 (Science&Education),0
Graph 25 (Marketing&Sales),Graph 42 (Science&Education),-1
Graph 25 (Marketing&Sales),Graph 43 (Science&Education),0
Graph 25 (Marketing&Sales),Graph 44 (Science&Education),0
Graph 25 (Marketing&Sales),Graph 45 (Science&Education),0
Graph 26 (Marketing&Sales),Graph 27 (Marketing&Sales),-2
Graph 26 (Marketing&Sales),Graph 28 (Marketing&Sales),-1
Graph 26 (Marketing&Sales),Graph 29 (Marketing&Sales),0
Graph 26 (Marketing&Sales),Graph 30 (Marketing&Sales),0
Graph 26 (Marketing&Sales),Graph 31 (Science&Education),0
Graph 26 (Marketing&Sales),Graph 32 (Science&Education),0
Graph 26 (Marketing&Sales),Graph 33 (Science&Education),-1
Graph 26 (Marketing&Sales),Graph 34 (Science&Education),-1
Graph 26 (Marketing&Sales),Graph 35 (Science&Education),0
Graph 26 (Marketing&Sales),Graph 36 (Science&Education),0
Graph 26 (Marketing&Sales),Graph 37 (Science&Education),0
Graph 26 (Marketing&Sales),Graph 38 (Science&Education),0
Graph 26 (Marketing&Sales),Graph 39 (Science&Education),-1
Graph 26 (Marketing&Sales),Graph 40 (Science&Education),-1
Graph 26 (Marketing&Sales),Graph 41 (Science&Education),-1
Graph 26 (Marketing&Sales),Graph 42 (Science&Education),-4
Graph 26 (Marketing&Sales),Graph 43 (Science&Education),0
Graph 26 (Marketing&Sales),Graph 44 (Science&Education),0
Graph 26 (Marketing&Sales),Graph 45 (Science&Education),-1
Graph 27 (Marketing&Sales),Graph 28 (Marketing&Sales),-1
Graph 27 (Marketing&Sales),Graph 29 (Marketing&Sales),0
Graph 27 (Marketing&Sales),Graph 30 (Marketing&Sales),0
Graph 27 (Marketing&Sales),Graph 31 (Science&Education),0
Graph 27 (Marketing&Sales),Graph 32 (Science&Education),-4
Graph 27 (Marketing&Sales),Graph 33 (Science&Education),0
Graph 27 (Marketing&Sales),Graph 34 (Science&Education),-1
Graph 27 (Marketing&Sales),Graph 35 (Science&Education),-1
Graph 27 (Marketing&Sales),Graph 36 (Science&Education),0
Graph 27 (Marketing&Sales),Graph 37 (Science&Education),0
Graph 27 (Marketing&Sales),Graph 38 (Science&Education),0
Graph 27 (Marketing&Sales),Graph 39 (Science&Education),-5
Graph 27 (Marketing&Sales),Graph 40 (Science&Education),0
Graph 27 (Marketing&Sales),Graph 41 (Science&Education),0
Graph 27 (Marketing&Sales),Graph 42 (Science&Education),-3
Graph 27 (Marketing&Sales),Graph 43 (Science&Education),0
Graph 27 (Marketing&Sales),Graph 44 (Science&Education),0
Graph 27 (Marketing&Sales),Graph 45 (Science&Education),-1
Graph 28 (Marketing&Sales),Graph 29 (Marketing&Sales),-17
Graph 28 (Marketing&Sales),Graph 30 (Marketing&Sales),-6
Graph 28 (Marketing&Sales),Graph 31 (Science&Education),0
Graph 28 (Marketing&Sales),Graph 32 (Science&Education),0
Graph 28 (Marketing&Sales),Graph 33 (Science&Education),0
Graph 28 (Marketing&Sales),Graph 34 (Science&Education),0
Graph 28 (Marketing&Sales),Graph 35 (Science&Education),0
Graph 28 (Marketing&Sales),Graph 36 (Science&Education),0
Graph 28 (Marketing&Sales),Graph 37 (Science&Education),0
Graph 28 (Marketing&Sales),Graph 38 (Science&Education),0
Graph 28 (Marketing&Sales),Graph 39 (Science&Education),0
Graph 28 (Marketing&Sales),Graph 40 (Science&Education),0
Graph 28 (Marketing&Sales),Graph 41 (Science&Education),0
Graph 28 (Marketing&Sales),Graph 42 (Science&Education),-1
Graph 28 (Marketing&Sales),Graph 43 (Science&Education),-3
Graph 28 (Marketing&Sales),Graph 44 (Science&Education),-6
Graph 28 (Marketing&Sales),Graph 45 (Science&Education),-15
Graph 29 (Marketing&Sales),Graph 30 (Marketing&Sales),-7
Graph 29 (Marketing&Sales),Graph 31 (Science&Education),0
Graph 29 (Marketing&Sales),Graph 32 (Science&Education),0
Graph 29 (Marketing&Sales),Graph 33 (Science&Education),0
Graph 29 (Marketing&Sales),Graph 34 (Science&Education),0
Graph 29 (Marketing&Sales),Graph 35 (Science&Education),0
Graph 29 (Marketing&Sales),Graph 36 (Science&Education),0
Graph 29 (Marketing&Sales),Graph 37 (Science&Education),0
Graph 29 (Marketing&Sales),Graph 38 (Science&Education),0
Graph 29 (Marketing&Sales),Graph 39 (Science&Education),0
Graph 29 (Marketing&Sales),Graph 40 (Science&Education),0
Graph 29 (Marketing&Sales),Graph 41 (Science&Education),0
Graph 29 (Marketing&Sales),Graph 42 (Science&Education),0
Graph 29 (Marketing&Sales),Graph 43 (Science&Education),-5
Graph 29 (Marketing&Sales),Graph 44 (Science&Education),-9
Graph 29 (Marketing&Sales),Graph 45 (Science&Education),-9
Graph 30 (Marketing&Sales),Graph 31 (Science&Education),0
Graph 30 (Marketing&Sales),Graph 32 (Science&Education),0
Graph 30 (Marketing&Sales),Graph 33 (Science&Education),0
Graph 30 (Marketing&Sales),Graph 34 (Science&Education),0
Graph 30 (Marketing&Sales),Graph 35 (Science&Education),0
Graph 30 (Marketing&Sales),Graph 36 (Science&Education),0
Graph 30 (Marketing&Sales),Graph 37 (Science&Education),0
Graph 30 (Marketing&Sales),Graph 38 (Science&Education),0
Graph 30 (Marketing&Sales),Graph 39 (Science&Education),0
Graph 30 (Marketing&Sales),Graph 40 (Science&Education),0
Graph 30 (Marketing&Sales),Graph 41 (Science&Education),0
Graph 30 (Marketing&Sales),Graph 42 (Science&Education),-1
Graph 30 (Marketing&Sales),Graph 43 (Science&Education),-4
Graph 30 (Marketing&Sales),Graph 44 (Science&Education),-6
Graph 30 (Marketing&Sales),Graph 45 (Science&Education),-6
Graph 31 (Science&Education),Graph 32 (Science&Education),0
Graph 31 (Science&Education),Graph 33 (Science&Education),0
Graph 31 (Science&Education),Graph 34 (Science&Education),0
Graph 31 (Science&Education),Graph 35 (Science&Education),-1
Graph 31 (Science&Education),Graph 36 (Science&Education),0
Graph 31 (Science&Education),Graph 37 (Science&Education),0
Graph 31 (Science&Education),Graph 38 (Science&Education),0
Graph 31 (Science&Education),Graph 39 (Science&Education),0
Graph 31 (Science&Education),Graph 40 (Science&Education),-1
Graph 31 (Science&Education),Graph 41 (Science&Education),0
Graph 31 (Science&Education),Graph 42 (Science&Education),0
Graph 31 (Science&Education),Graph 43 (Science&Education),0
Graph 31 (Science&Education),Graph 44 (Science&Education),0
Graph 31 (Science&Education),Graph 45 (Science&Education),0
Graph 32 (Science&Education),Graph 33 (Science&Education),-1
Graph 32 (Science&Education),Graph 34 (Science&Education),-1
Graph 32 (Science&Education),Graph 35 (Science&Education),-1
Graph 32 (Science&Education),Graph 36 (Science&Education),0
Graph 32 (Science&Education),Graph 37 (Science&Education),0
Graph 32 (Science&Education),Graph 38 (Science&Education),0
Graph 32 (Science&Education),Graph 39 (Science&Education),-1
Graph 32 (Science&Education),Graph 40 (Science&Education),-1
Graph 32 (Science&Education),Graph 41 (Science&Education),0
Graph 32 (Science&Education),Graph 42 (Science&Education),-3
Graph 32 (Science&Education),Graph 43 (Science&Education),0
Graph 32 (Science&Education),Graph 44 (Science&Education),0
Graph 32 (Science&Education),Graph 45 (Science&Education),0
Graph 33 (Science&Education),Graph 34 (Science&Education),-1
Graph 33 (Science&Education),Graph 35 (Science&Education),-1
Graph 33 (Science&Education),Graph 36 (Science&Education),0
Graph 33 (Science&Education),Graph 37 (Science&Education),0
Graph 33 (Science&Education),Graph 38 (Science&Education),0
Graph 33 (Science&Education),Graph 39 (Science&Education),0
Graph 33 (Science&Education),Graph 40 (Science&Education),-1
Graph 33 (Science&Education),Graph 41 (Science&Education),0
Graph 33 (Science&Education),Graph 42 (Science&Education),-1
Graph 33 (Science&Education),Graph 43 (Science&Education),0
Graph 33 (Science&Education),Graph 44 (Science&Education),0
Graph 33 (Science&Education),Graph 45 (Science&Education),0
Graph 34 (Science&Education),Graph 35 (Science&Education),-3
Graph 34 (Science&Education),Graph 36 (Science&Education),0
Graph 34 (Science&Education),Graph 37 (Science&Education),-2
Graph 34 (Science&Education),Graph 38 (Science&Education),-2
Graph 34 (Science&Education),Graph 39 (Science&Education),0
Graph 34 (Science&Education),Graph 40 (Science&Education),-2
Graph 34 (Science&Education),Graph 41 (Science&Education),-2
Graph 34 (Science&Education),Graph 42 (Science&Education),-1
Graph 34 (Science&Education),Graph 43 (Science&Education),0
Graph 34 (Science&Education),Graph 44 (Science&Education),0
Graph 34 (Science&Education),Graph 45 (Science&Education),0
Graph 35 (Science&Education),Graph 36 (Science&Education),0
Graph 35 (Science&Education),Graph 37 (Science&Education),0
Graph 35 (Science&Education),Graph 38 (Science&Education),0
Graph 35 (Science&Education),Graph 39 (Science&Education),0
Graph 35 (Science&Education),Graph 40 (Science&Education),-4
Graph 35 (Science&Education),Graph 41 (Science&Education),0
Graph 35 (Science&Education),Graph 42 (Science&Education),-5
Graph 35 (Science&Education),Graph 43 (Science&Education),0
Graph 35 (Science&Education),Graph 44 (Science&Education),0
Graph 35 (Science&Education),Graph 45 (Science&Education),0
Graph 36 (Science&Education),Graph 37 (Science&Education),0
Graph 36 (Science&Education),Graph 38 (Science&Education),0
Graph 36 (Science&Education),Graph 39 (Science&Education),0
Graph 36 (Science&Education),Graph 40 (Science&Education),0
Graph 36 (Science&Education),Graph 41 (Science&Education),0
Graph 36 (Science&Education),Graph 42 (Science&Education),0
Graph 36 (Science&Education),Graph 43 (Science&Education),0
Graph 36 (Science&Education),Graph 44 (Science&Education),0
Graph 36 (Science&Education),Graph 45 (Science&Education),0
Graph 37 (Science&Education),Graph 38 (Science&Education),-18
Graph 37 (Science&Education),Graph 39 (Science&Education),0
Graph 37 (Science&Education),Graph 40 (Science&Education),0
Graph 37 (Science&Education),Graph 41 (Science&Education),-1
Graph 37 (Science&Education),Graph 42 (Science&Education),0
Graph 37 (Science&Education),Graph 43 (Science&Education),0
Graph 37 (Science&Education),Graph 44 (Science&Education),0
Graph 37 (Science&Education),Graph 45 (Science&Education),0
Graph 38 (Science&Education),Graph 39 (Science&Education),0
Graph 38 (Science&Education),Graph 40 (Science&Education),0
Graph 38 (Science&Education),Graph 41 (Science&Education),-1
Graph 38 (Science&Education),Graph 42 (Science&Education),0
Graph 38 (Science&Education),Graph 43 (Science&Education),0
Graph 38 (Science&Education),Graph 44 (Science&Education),0
Graph 38 (Science&Education),Graph 45 (Science&Education),0
Graph 39 (Science&Education),Graph 40 (Science&Education),0
Graph 39 (Science&Education),Graph 41 (Science&Education),0
Graph 39 (Science&Education),Graph 42 (Science&Education),0
Graph 39 (Science&Education),Graph 43 (Science&Education),0
Graph 39 (Science&Education),Graph 44 (Science&Education),0
Graph 39 (Science&Education),Graph 45 (Science&Education),0
Graph 40 (Science&Education),Graph 41 (Science&Education),0
Graph 40 (Science&Education),Graph 42 (Science&Education),0
Graph 40 (Science&Education),Graph 43 (Science&Education),-12
Graph 40 (Science&Education),Graph 44 (Science&Education),0
Graph 40 (Science&Education),Graph 45 (Science&Education),0
Graph 41 (Science&Education),Graph 42 (Science&Education),0
Graph 41 (Science&Education),Graph 43 (Science&Education),0
Graph 41 (Science&Education),Graph 44 (Science&Education),0
Graph 41 (Science&Education),Graph 45 (Science&Education),-1
Graph 42 (Science&Education),Graph 43 (Science&Education),0
Graph 42 (Science&Education),Graph 44 (Science&Education),-9
Graph 42 (Science&Education),Graph 45 (Science&Education),-1
Graph 43 (Science&Education),Graph 44 (Science&Education),-12
Graph 43 (Science&Education),Graph 45 (Science&Education),-7
Graph 44 (Science&Education),Graph 45 (Science&Education),-14
